NAME;LOGO_URL;INFO_URL;ALT_MIN;ALT_MAX;PISTE_BLEUE;PISTE_ROUGE;PISTE_NOIRE;REMONTEES;PISTES;KM_PISTES;DEVISE;TARIF_ADULTE;TARIF_SENIOR;TARIF_JEUNE;TARIF_ENFANT;MAGICPASS;SITE_URL;WEBCAM_URL;PLAN_I_URL;PLAN_URL;PLAN_PDF
4 Vallées;https://verbier4vallees.ch/_dev/styllab-test/logo/verbier-4-vallees.svg;https://www.skiinfo.fr/les-4-vallees/stations-de-ski;;;;;;72;;410;CHF;89;0;76;45;;;https://verbier4vallees.ch/fr/informations-utiles/webcams;https://verbier4vallees.ch/fr/informations-utiles/carte-interactive;;
AdelBoden;https://www.adelboden-lenk.ch/static/img/logo.svg;https://www.skiinfo.fr/oberland-bernois/adelboden/station-de-ski;1068;2362;40;52;7;55;85;210;CHF;73;73;51;29;;https://www.adelboden-lenk.ch/fr/Experience/Region_de_ski;https://www.adelboden-lenk.ch/fr/Service/Webcams;https://www.infosnow.ch/~apgmontagne/?id=62&tab=map-wi&;https://cdn.bfldr.com/WIENNW6Q/as/6rsxpjtf2nj7jtnh86hwnbf/Adelboden?auto=webp&width=616&width=1024;https://piste-maps.co.uk/Piste-Maps/Switzerland/Adelboden-Lenk-Piste-Map-2020.pdf
Aeschiallmend;https://skilift-aeschiried.ch/wp-content/uploads/2020/09/Skilift_Aeschiried.svg;https://www.skiinfo.fr/oberland-bernois/aeschi/station-de-ski;859;1385;42;41;17;4;5;12;CHF;33;33;23;23;oui;https://skilift-aeschiried.ch/skilift-details/;https://www.aeschi-tourismus.ch/fr/sur-aeschi/des-informations-locales/webcams;;https://skilift-aeschiried.ch/wp-content/uploads/2023/08/pistenplan-1024x930.jpg;
Aletsch Arena;https://shop.aletscharena.ch/themes/aletsch/assets/logo.svg;https://www.skiinfo.fr/valais/aletsch-arena/station-de-ski;1845;2869;38;45;11;36;97;111;CHF;70;70;60;35;;https://www.aletscharena.ch/fr/planifier-reserver/hiver/ski;https://www.aletscharena.ch/fr/ici-maintenant/en-direct/webcams;https://www.siscontrol.ch/b006/sismap/aletsch/2?hide=;https://www.aletscharena.ch/fileadmin/_processed_/1/8/csm_ALETSCH-Pistenplan-54-Web_e4b3179c8b.jpg;https://www.aletscharena.ch/fileadmin/Mediendatenbank/Dokumente/Aletsch_Arena_AG/Prospekte/Winterplan_25_26_web.pdf
Alpsteinblick - Gonten;https://www.skilifte-alpsteinblick.ch/typo3conf/ext/alpsteinblick_template/Resources/Public/Images/logo_skilift_header.png;https://www.skiresort.fr/domaine-skiable/alpsteinblick-gonten/;892;1142;60;40;0;3;5;4;CHF;27;27;20;20;;https://www.skilifte-alpsteinblick.ch/;https://www.skilifte-alpsteinblick.ch/index.php?id=3441;;https://media.snow-online.de/images/ecu/entity/e_skiresort/ski-resort_gonten_n72970-160590-3_raw.jpg;
Amden;https://www.amden-weesen.ch/_Resources/Persistent/75734fedf0ccbf6aba97f08e62c35a5396d19f94/AWT_Logo_rgb.png;https://www.skiinfo.fr/suisse-orientale/amden/station-de-ski;1000;1634;92;8;0;6;12;20;CHF;38;38;24;24;;https://www.amden-weesen.ch/en/winter/skiing-amden;https://www.amden-weesen.ch/en/plan-your-trip/webcams;https://winter.intermaps.com/amden;https://cdn.bfldr.com/WIENNW6Q/as/sntm5p4m99qtx35vvwqff8/Amden?auto=webp&width=2048;
Andermatt;https://www.andermatt-sedrun-disentis.ch/themes/andermatt/assets/footer.svg;https://www.skiinfo.fr/les-grisons/andermatt-sedrun/station-de-ski;1444;2963;26;50;24;22;43;120;CHF;89;81;45;45;;https://www.andermatt-sedrun-disentis.ch/fr/pages/discover;https://www.andermatt-sedrun-disentis.ch/fr/stories/webcams;https://winter.intermaps.com/andermatt_sedrun_disentis;https://vcdn.bergfex.at/images/resized/1c/ae8211030bc7b21c_e2f3e6cd9b19a856@2x.jpg;https://files.skimap.org/kfp2b8oa1txipb1pvgf6e124vbr8.pdf
Andermatt Sedrun Disentis;https://www.andermatt-sedrun-disentis.ch/themes/andermatt/assets/footer.svg;https://www.skiinfo.fr/les-grisons/andermatt-sedrun/station-de-ski;1444;2963;26;50;24;22;43;120;CHF;89;81;45;45;;https://www.andermatt-sedrun-disentis.ch/fr/pages/discover;https://www.andermatt-sedrun-disentis.ch/fr/stories/webcams;https://winter.intermaps.com/andermatt_sedrun_disentis;https://vcdn.bergfex.at/images/resized/1c/ae8211030bc7b21c_e2f3e6cd9b19a856@2x.jpg;https://files.skimap.org/kfp2b8oa1txipb1pvgf6e124vbr8.pdf
Anzère;https://www.anzere.ch/_nuxt/2d0631346506aa55c0b6922cbf95eee6.svg;https://www.skiinfo.fr/valais/anzere/station-de-ski;1500;2420;33;41;26;14;27;58;CHF;68;60;44;40;oui;https://www.anzere.ch/fr;https://www.anzere.ch/fr/webcams-352;https://www.anzere.ch/fr/remontees-mecaniques/etat-des-installations/;https://cdn.bfldr.com/WIENNW6Q/as/74vqs7cfbc8r5vnh2f8h636/Anzre?auto=webp&width=2048;
Appenzell-Sollegg;https://www.skilift-sollegg.ch/images/pictures/w7e2b1215282b002e9f3d783712c8077/Logo%20Skilift%20Sollegg%20AG.png?w=160&h=142;;813;1204;25;50;25;1;4;7;CHF;27;27;20;20;;https://www.skilift-sollegg.ch/;;;https://www.skilift-sollegg.ch/images/pictures/w7e2b170f091e000956cb36deb511a89/sollegg_pistenplan_ohne_restaurant.jpg?w=640&h=428;
Arolla - Les Fontanesses;;;;;;;;;;;CHF;;;;;oui;;;;;
Arosa Lenzerheide;;;;;;;;;;;CHF;;;;;;;;;;
Avers;;;;;;;;;;;CHF;;;;;;;;;;
Balmberg;https://static.wixstatic.com/media/f323df_b56ebc01ce5a474ab7bd869ff38004bc~mv2.jpg/v1/fill/w_314,h_314,al_c,q_80,usm_0.66_1.00_0.01,enc_avif,quality_auto/Logo.jpg;https://www.bergfex.fr/balmberg/;1100;1300;67;16;16;3;6;3;CHF;32;;;22;oui;https://www.balmberg.ch/;https://balmberg.multipixx.net/cam/83/2026/3/11/12/15;;https://static.wixstatic.com/media/f323df_e75d3afea948497794ce10cc41d294ae~mv2.jpg/v1/fill/w_673,h_430,al_c,q_80,enc_avif,quality_auto/f323df_e75d3afea948497794ce10cc41d294ae~mv2.jpg;https://www.balmberg.ch/_files/ugd/f323df_d622b5c51d454d7190d97a9c5bcea6f1.pdf
Beckenried - Klewenalp;;;;;;;;;;;CHF;;;;;;;;;;
Belalp - Blatten - Naters;;;;;;;;;;;CHF;;;;;oui;;;;;
Bergün - Filisur;;;;;;;;;;;CHF;;;;;;;;;;
Bivio;;;;;;;;;;;CHF;;;;;;;;;;
Blatten;https://skilifte-speicher.ch/wp-content/uploads/2018/11/logos_fuer_Navibar.png;;;;100;0;0;1;1;0.3;CHF;14;;14;;;https://skilifte-speicher.ch/oeffnungszeiten-2/;;;;
Bosco Gurin;;;;;;;;;;;CHF;;;;;;;;;;
Braunwald;;;;;;;;;;;CHF;;;;;;;;;;
Brienz - Axalp;;;;;;;;;;;CHF;;;;;oui;;;;;
Brigels - Breil;;;;;;;;;;;CHF;;;;;;;;;;
Brot-Plamboz;https://lh3.googleusercontent.com/sitesv/APaQ0SQAkqHTk4NAKx4c1FfgzgENFRnbaf2tx1Sb-P2dJkj3RJPeOxs8QPmfR--T4sdqDX7QmuUkvHyw_FE9DjcP2ofne3K2LBhPoJIuon_-pJFK_ONARzn6JAn7a5Du-8hUDdk3Q7ek1hSTns5dsyQbtj14KXCAINVXszQ-4LI_YrdcmTdvyJ6S=w16383;https://www.bergfex.fr/brot-plamboz/;1018;1100;100;0;0;1;1;0.3;CHF;5;;;3;;https://sites.google.com/view/skiclubbrotplamboz/accueil/t%C3%A9l%C3%A9ski;;;;
Brülisau;https://skiliftbruelisau.ch/wp-content/uploads/2020/12/cropped-logo-sbl.png;;890;1100;0;100;0;1;3;2.5;CHF;18;;15;;;https://skiliftbruelisau.ch/;https://skiliftbruelisau.ch/aktuelles/webcam-wetter/;;https://files.skimap.org/36bpnf6yfor7i24gqstltwmrfksl;
Brunni - Alpthal;;;;;;;;;;;CHF;;;;;;;;;;
Bruson et Val de Bagnes;;;;;;;;4;;25;CHF;;;;;;;;;;
Bugnenets-Savagnières;https://www.chasseral-snow.ch/uploads/images/design_2019/logo_inv.png;https://www.bergfex.fr/bugnenets-savagnieres/;1090;1450;33;33;33;8;16;30;CHF;44;36;34;25;oui;https://www.chasseral-snow.ch/;https://www.chasseral-snow.ch/index.php?page=webcam;;bugnenets.jpg;https://www.chasseral-snow.ch/uploads/Plan%20des%20pistes/Plan%20des%20pistes%202023-2024.pdf
Bumbach Schangnau;;;;;;;;;;;CHF;;;;;oui;;;;;
Cari;;;;;;;;;;;CHF;;;;;;;;;;
Champéry;;;;;;;;;;;CHF;;;;;;;;;;
Champex - Lac;;;;;;;;;;;CHF;;;;;;;;;;
Champoussin;;;;;;;;;;;CHF;;;;;;;;;;
Charmey - Vounetse;;;;;;;;;;;CHF;;;;;oui;;;;;
Chäserrugg;https://pub-5f649708c5c749dc9168b4dd1510af5f.r2.dev/assets/kunden/chaeserrugg/_kundencase/logo/logo-chaeserrugg-green.svg;https://www.skiinfo.fr/suisse-orientale/toggenburg/station-de-ski;900;2262;22;67;11;14;23;50;CHF;61.5;;52.5;31;;https://www.chaeserrugg.ch/de;https://www.chaeserrugg.ch/de/webcam/?headless=1;https://www.chaeserrugg.ch/de/bahnen-karten/?headless=1;https://cdn.bfldr.com/WIENNW6Q/as/j44k3s2vqx7v4688h6hksxp/Chserrugg_-_Toggenburg?auto=webp&width=2048;
Chemeuille - Télé-Evolène;;;;;;;;;;;CHF;;;;;oui;;;;;
Chur - Brambrüesch;;;;;;;;;;;CHF;;;;;;;;;;
Corvatsch - Sils - Silvaplana;;;;;;;;;;;CHF;;;;;;;;;;
Crans-Montana;https://img.oastatic.com/img2/24910535/max/variant.jpg;https://www.skiinfo.fr/valais/crans-montana/station-de-ski;1500;3000;39;50;11;27;41;140;CHF;89;;69;50;;https://www.crans-montana.ch/fr/activites/ski;;https://www.infosnow.ch/~apgmontagne/?id=141&tab=map-wi2&lng=fr;https://cdn.bfldr.com/WIENNW6Q/as/3738vtgwn9kc6vkrgpgqsbxh/Crans_Montana?auto=webp&width=2048;https://www.crans-montana.ch/img_up/DOCNONPUB/a32e24eaae168cf7ecf9136b1f450ace.CMTC_PlanPistes_2026_compressed.pdf
Dallenwil - Wirzweli;;;;;;;;;;;CHF;;;;;;;;;;
Davos Klosters;;;;;;;;;;;CHF;;;;;;;;;;
Dent de Vaulion – Le Morez;https://static.myvalleedejoux.ch/Logo-OTVallee24.png?1773069626;;1147;1480;50;25;25;2;4;;CHF;30;;;19;oui;https://www.myvalleedejoux.ch/fr/Z14759/info-neige-etat-des-pistes;;;vaulion.jpg;https://static.mycity.travel/manage/uploads/6/26/452439/1/plan-des-pistes-de-ski-alpin.pdf
Diavolezza - Pontresina;;;;;;;;;;;CHF;;;;;;;;;;
Diemtigtal - Grimmialp;;;;;;;;;;;CHF;;;;;oui;;;;;
Diemtigtal - Wiriehorn;;;;;;;;;;;CHF;;;;;oui;;;;;
Disentis 3000;https://www.andermatt-sedrun-disentis.ch/themes/andermatt/assets/footer.svg;https://www.skiinfo.fr/les-grisons/andermatt-sedrun/station-de-ski;1444;2963;26;50;24;22;43;120;CHF;89;81;45;45;;https://www.andermatt-sedrun-disentis.ch/fr/pages/discover;https://www.andermatt-sedrun-disentis.ch/fr/stories/webcams;https://winter.intermaps.com/andermatt_sedrun_disentis;https://vcdn.bergfex.at/images/resized/1c/ae8211030bc7b21c_e2f3e6cd9b19a856@2x.jpg;https://files.skimap.org/kfp2b8oa1txipb1pvgf6e124vbr8.pdf
Dôle - Tuffes;https://www.jurasurleman.com/content/themes/jurasurleman/assets/images/svg/logo/JSL_COUL.png;https://www.skiresort.fr/domaine-skiable/la-dole-les-tuffes-jura-sur-leman/;1160;1678;62;30;8;18;26;28.6;EUR;40.5;30.5;;30.5;oui;https://www.jurasurleman.com/;https://www.jurasurleman.com/informations-pratiques/webcams/;https://www.jurasurleman.com/domaine-skiable/plans-ouvertures-des-pistes/;doletuffes.jpg;
Ebenalp;https://www.ebenalp.ch/files/themes/ebenalp/ui/logo_web_winter.svg;https://www.skiinfo.fr/suisse-orientale/ebenalp/station-de-ski;838;1726;10;80;10;7;10;10;CHF;40;;33;29;;https://www.ebenalp.ch/de;https://www.ebenalp.ch/de#article-20;https://www.ebenalp.ch/winter/winterkarte;https://vcdn.bergfex.at/images/resized/3c/025d9be0a550423c_4ee4bc5cf2eae9f5.jpg;
Eggiwil;;;;;;;;;;;CHF;;;;;;;;;;
Eischoll;;;;;;;;;;;CHF;;;;;oui;;;;;
Elm - Ampachli;;;;;;;;;;;CHF;;;;;;;;;;
Elsigen - Metsch;;;;;;;;;;;CHF;;;;;;;;;;
Engadin St. Moritz;;;;;;;;;;;CHF;;;;;;;;;;
Engelberg - Titlis;;;;;;;;;;;CHF;;;;;;;;;;
Eriz;;;;;;;;;;;CHF;;;;;oui;;;;;
Espace Dent Blanche;;;;;;;;;;;CHF;;;;;;;;;;
Faltschen;;;;;;;;;;;CHF;;;;;oui;;;;;
Fideris;;;;;;;;;;;CHF;;;;;;;;;;
Flumserberg - Heidiland;;;;;;;;;;;CHF;;;;;;;;;;
Gantrisch Gurnigel;;;;;;;;;;;CHF;;;;;oui;;;;;
Giswil - Mörlialp;;;;;;;;;;;CHF;;;;;oui;;;;;
Glacier 3000;;;;;;;;;;;CHF;;;;;oui;;;;;
Gluringen;https://static.wixstatic.com/media/f54695_a1623552aee14a26afd6b74c5d17f2d2~mv2.jpg/v1/crop/x_555,y_3901,w_9249,h_2514/fill/w_422,h_129,al_c,q_80,usm_0.66_1.00_0.01,enc_avif,quality_auto/f54695_a1623552aee14a26afd6b74c5d17f2d2~mv2.jpg;;1333;1445;100;0;0;1;1;1.2;CHF;30;;;25;;https://www.skilift-gluringen.ch/;;;gluringen.jpg;
Grächen;;;;;;;;;;;CHF;;;;;oui;;;;;
Grenchenberg;https://www.grenchen.ch/dist/grenchen/2023/images/logo.86ee814b2f98a686434a.svg;https://www.skiresort.fr/domaine-skiable/grenchenberg-grenchen/;1240;1350;100;0;0;2;2;0.8;CHF;24;;;17;oui;https://www.grenchen.ch/sportanlagenplaetze/11951;https://jurasonnenseite.ch/erleben/auf-dem-berg/httpswww-swg-chwebcam;;https://api.i-web.ch/public/guest/getImageString/g215/684c1646919b1fab9da9b9d6bce61c37/0/0/5ffecd60efe27;https://jurasonnenseite.ch/assets/Skilift/pistenplan/Skilift_Pistenplan-Grenchenberge_Tafel_3_2025.pdf
Grimentz;;;;;;;;;;;CHF;;;;;oui;;;;;
Grindelwald - Wengen;;;;;;;;;;;CHF;;;;;;;;;;
Goms;https://img.myswitzerland.com/ext/https://static.stnet.ch/wispo/images/272/picture-3087/3087-o.jpg?q=80&c=fill&g=center;https://www.bergfex.fr/obergoms/;1250;1568;100;0;0;5;6;4;;;;;;;https://www.goms.ch/fr/activites/hiver;;;https://cdn.bfldr.com/WIENNW6Q/as/5qwv8mjfnpqt6hf5jgfvpgbh/Obergoms?auto=webp&width=2048;
Grub-Kaien;https://skiliftgrub-kaien.ch/wp-content/uploads/2017/05/Unbenannt.png;https://www.skiinfo.fr/suisse-orientale/heiden-appenzellerland/station-de-ski;845;1065;100;0;0;1;3;6;CHF;30;;20;;;https://skiliftgrub-kaien.ch/;;;https://skiliftgrub-kaien.ch/wp-content/uploads/2024/11/Skilift_Tafel_1x1m-1-1024x1024.jpg;
Grüsch-Danusa;;;;;;;;;;;CHF;;;;;;;;;;
Gspon;;;;;;;;;;;CHF;;;;;oui;;;;;
Gstaad;;;;;;;;;;;CHF;;;;;oui;;;;;
Gurnigelbad;;;;;;;;;;;CHF;;;;;oui;;;;;
Habkern;;;;;;;;;;;CHF;;;;;oui;;;;;
Heiden;https://www.skiliftheiden.ch/index_htm_files/94875.png;https://www.skiinfo.fr/suisse-orientale/heiden-appenzellerland/station-de-ski;813;923;50;50;0;1;4;5;CHF;24;;16;;;https://www.skiliftheiden.ch/;https://heiden.roundshot.com/#/;;https://www.skiliftheiden.ch/index_htm_files/pistenplan.jpg;
Heimenschwand - Buchholterberg;;;;;;;;;;;CHF;;;;;oui;;;;;
Heiti - Gsteig b. Gstaad;;;;;;;;;;;CHF;;;;;;;;;;
Hoch-Ybrig;;;;;;;;;;;CHF;;;;;;;;;;
Hohe Winde – Beinwil;https://www.hohe-winde.ch/images/logotop.png;https://www.bergfex.ch/hohe-winde-beinwil/;760;1060;75;25;0;2;4;4;CHF;28;;;18;;https://www.hohe-winde.ch/;https://www.hohe-winde.ch/index.php/infoboard/pistenbericht-winter;;https://www.hohe-winde.ch/images/piste.png;
Hubelweid;;;;;;;;;;;CHF;;;;;;;;;;
Jaun;;;;;;;;;;;CHF;;;;;oui;;;;;
Jaunpass;;;;;;;;;;;CHF;;;;;oui;;;;;
Jeizinen;https://assets.zyrosite.com/cdn-cgi/image/format=auto,w=375,fit=crop,q=95/A3QlKxDlXXHrxv22/sesseli-logo-sportbahnen-mk34n6PZJ4S7w55x.png;https://www.bergfex.fr/jeizinen-engersch-gampel/;1537;2200;63;25;12;5;8;10;CHF;43;;32;28;oui;https://sportbahnen-gampel-jeizinen-ag.ch/;https://www.gampel-bratsch-tourismus.ch/service/webcams;;https://assets.zyrosite.com/A3QlKxDlXXHrxv22/pistenplan-ab-2023-bTFzFwGiSOlp4xAZ.jpg;
Jura sur Léman;https://www.jurasurleman.com/content/themes/jurasurleman/assets/images/svg/logo/JSL_COUL.png;https://www.bergfex.fr/jura-sur-leman/;1160;1678;66;23;11;22;33;34.4;EUR;40.5;30.5;;30.5;oui;https://www.jurasurleman.com/;https://www.jurasurleman.com/informations-pratiques/webcams/;https://www.jurasurleman.com/domaine-skiable/plans-ouvertures-des-pistes/;https://vcdn.bergfex.at/images/resized/dd/a4fac5cc654a21dd_c52d7d139a6aa5e2.jpg;
Kandersteg;;;;;;;;;;;CHF;;;;;;;;;;
Kiental;;;;;;;;;;;CHF;;;;;oui;;;;;
La Berra - La Roche;;;;;;;;;;;CHF;;;;;oui;;;;;
La Brévine;https://torpille.ch/wp-content/uploads/2022/12/teleski-brevine-logo.png;https://www.bergfex.fr/la-brevine/;1048;1100;100;0;0;1;1;0.8;CHF;3;;;;;https://torpille.ch/listing/teleski-de-la-brevine/;;;;
La Corbatière – La Roche-aux-Crocs;https://www.teleskilacorbatiere.ch/assets/images/logo/logo-black.png;https://www.bergfex.fr/la-corbatiere/;1090;1348;50;25;25;3;7;4.5;CHF;25;;20;15;;https://www.teleskilacorbatiere.ch/;;;https://www.teleskilacorbatiere.ch/images/lespistes-10.jpg;
La Côte-aux-Fées;https://lh3.googleusercontent.com/sitesv/APaQ0SSu66OaDhRdSNABZnXAM7HeLimZ_14Bl4zxI-hsvpt4iloHkpaK8v19joMfr_gNBSwZ2qKva5QxbfqAsTeGwXxNUDpNC_0NWxpsy2qMwjowzql0iq3ECUreOHjA-jpQ8SjTpmZaz_2ceZgfFs_xW_FT5wMISyheJkM=w16383;https://www.bergfex.fr/la-cote-aux-fees/;980;1080;66;33;0;1;3;2;CHF;10;;;7;;https://sites.google.com/site/skiliftcaf/;;;https://static.mycity.travel/manage/uploads/8/58/303449/1/plan-des-pistes-de-ski-la-cote-aux-fees_2000.jpg;https://www.robella.ch/pdf/robella-plan-station-hiver.pdf
La Forclaz - Le Tsaté;;;;;;;;;;;CHF;;;;;oui;;;;;
La Fouly - Val Ferret;;;;;;;;;;;CHF;;;;;;;;;;
La Lécherette;;;;;;;;;;;CHF;;;;;;;;;;
La Lorette;;;;;;;;;;;CHF;;;;;;;;;;
La Robella – Buttes;https://www.robella.ch/wp-content/uploads/2025/08/robella-logo.svg;https://www.skiinfo.fr/jura/la-robella/station-de-ski;770;1457;22;56;22;4;9;20;CHF;29;22;22;0;oui;https://www.robella.ch/activites/;https://www.robella.ch/webcam/;;https://static.mycity.travel/manage/uploads/8/58/143720/2/plan-des-pistes-de-ski-buttes-la-robella_2000.jpg;
La Sagne;https://lh3.googleusercontent.com/sitesv/APaQ0SRmlJh7ffILV8qgXoDUiaqw-d1UHd_UuP_X3fo2RPXyTAaqaEEtU90hyzdeFh4PpjHOnV2XC-Z4xismkLN20s1yULxPctq-hJuzJ8NP4_SPPkluzoF5Ew4dubP1JVUOXowXtexDkpjlkgLWVDaGnmcJBInjkF7ZOZ5RqMBnmPTboR57AJ3rAZjLugc=w16383;;1040;1140;50;50;0;1;2;0.5;CHF;;;;;;https://www.sclasagne.ch/;;;;
La Serra;https://www.jurasurleman.com/content/themes/jurasurleman/assets/images/svg/logo/JSL_COUL.png;https://www.skiresort.fr/domaine-skiable/la-serra-jura-sur-leman/;1180;1452;57;29;14;4;7;12.6;EUR;34.5;26.5;;36.5;oui;https://www.jurasurleman.com/;https://www.jurasurleman.com/informations-pratiques/webcams/;https://www.jurasurleman.com/domaine-skiable/plans-ouvertures-des-pistes/;serra.jpg;
La Tzoumaz;;;;;;;;16;;120;CHF;;;;;;;;;;
Laax;;;;;;;;;;;CHF;;;;;;;;;;
L'Abbaye;https://static.myvalleedejoux.ch/Logo-OTVallee24.png?1773069626;;1010;1437;75;12;12;4;8;;CHF;30;;;19;oui;https://www.myvalleedejoux.ch/fr/Z14759/info-neige-etat-des-pistes;;;abbaye.jpg;https://static.mycity.travel/manage/uploads/6/26/452439/1/plan-des-pistes-de-ski-alpin.pdf
Langenbruck;https://deinkick.ch/wp-content/uploads/DeinKick_Logo_Redesign.svg;https://www.bergfex.fr/langenbruck/;750;950;100;0;0;1;3;1;CHF;20;;;30;;https://deinkick.ch/skilift-langenbruck/;https://deinkick.ch/informieren/webcams/;;https://deinkick.ch/wp-content/uploads/yootheme/cache/2f/deinkick_Skilift_PistenundZufahrt_web-1500-2fa4a632.jpg;
Lauenen;;;;;;;;;;;CHF;;;;;;;;;;
Le Brassus;https://static.myvalleedejoux.ch/Logo-OTVallee24.png?1773069626;;1060;1361;40;40;20;2;5;;CHF;30;;;19;oui;https://www.myvalleedejoux.ch/fr/Z14759/info-neige-etat-des-pistes;;;brassus.jpg;https://static.mycity.travel/manage/uploads/6/26/452439/1/plan-des-pistes-de-ski-alpin.pdf
Le Pâquier – Crêt-du-Puy;https://www.cretdupuy.com/media/yootheme/cache/79/logo_cretdupuy-790354a8.webp;https://www.bergfex.fr/le-paquier/;850;1250;50;25;25;3;4;1;CHF;32;26;26;19;oui;https://www.cretdupuy.com/;https://www.cretdupuy.com/la_station/webcam.html;;https://www.cretdupuy.com/images/Cret-du-Puy-Plan-des-1.png;
Lenk;;;;;;;;;;;CHF;;;;;;;;;;
Les Breuleux;https://telebreuleux.ch/wp-content/uploads/2019/01/cropped-banner-1.jpg;https://www.bergfex.fr/les-breuleux/;1060;1250;60;20;20;1;5;10;CHF;24;;;15;;https://telebreuleux.ch/;https://www.telebreuleux.ch/webcam/upload.jpg;;https://vcdn.bergfex.at/images/resized/96/6b069a9c3d0ee696_b2ac2a85888ef07a.jpg;
Les Crosets;;;;;;;;;;;CHF;;;;;;;;;;
Les Diablerets;;;;;;;;;;;CHF;;;;;;;;;;
Les Genevez;https://www.telegenevez.ch/wp-content/uploads/2017/10/Logo-teleski_square.jpg;https://www.bergfex.fr/les-genevez/;1024;1147;33;64;;1;3;4;CHF;20;;17;14;;https://www.telegenevez.ch/;https://juratourisme.roundshot.com/saignelegier/#/;;http://www.telegenevez.ch/wp-content/uploads/2017/09/Plan-des-pistes-teleski-mh-empreinte-1170x658_v2.jpg;
Les Loges - La Vue-des-Alpes;https://scontent-zrh1-1.xx.fbcdn.net/v/t39.30808-1/302166757_498987622233034_7012594634100709946_n.png?stp=dst-png_s200x200&_nc_cat=102&ccb=1-7&_nc_sid=2d3e12&_nc_ohc=VAJWyOjpCJYQ7kNvwEcRmI9&_nc_oc=Adk0J2Qabalp3dR2IWJ59jGmXIOKWJqd69pNz2ojqQBozm0tMBx20GIhdRpxeLg2SOA&_nc_zt=24&_nc_ht=scontent-zrh1-1.xx&_nc_gid=KfM3Fl3nfJJM6-dblZcnEg&_nc_ss=8&oh=00_Afz0Bo8RGbI1DGi9FE-Y52NsIrn8V6Vqntz6H3ptJBN8vQ&oe=69B6812D;https://www.bergfex.fr/les-loges/;1235;1260;100;0;0;2;2;1;CHF;15;;;;;https://www.facebook.com/teleskidesloges/;;;;
Les Marécottes - Salvan;https://www.verticalp-lesmarecottes.ch/UserFiles/thumbs/300x/images-mb-telemarecottes/logo-header.webp;https://www.skiinfo.fr/valais/les-marecottes-salvan/station-de-ski;1100;2200;57;25;18;4;9;28;CHF;54;49;49;32;oui;https://www.verticalp-lesmarecottes.ch/fr/ski-snowboard-fp47904;https://www.verticalp-lesmarecottes.ch/fr/webcam-telemarecottes;;https://www.verticalp-lesmarecottes.ch/UserFiles/File/organisme/UserFiles-telemarecottes/File/Plans%20%26%20cartes/plan_domaine_VF.jpg;
Les Mosses;;;;;;;;;;;CHF;;;;;oui;;;;;
Les Paccots;;;;;;;;;;;CHF;;;;;oui;;;;;
Les Pléiades;;;;;;;;;;;CHF;;;;;oui;;;;;
Les Prés d'Orvin;https://presdorvin-ski.ch/wp-content/uploads/2020/12/loho_H150.png;https://www.bergfex.fr/les-pres-d-orvin/;1030;1230;20;80;0;5;5;5;CHF;30;;27;19;oui;https://presdorvin-ski.ch/;;;https://vcdn.bergfex.at/images/resized/3a/b8a58c4132cbcc3a_f760cba764f0bb00.jpg;
Les Rasses – Sainte-Croix;https://www.ski-vaud.ch/web/templates/skiweb/images/logo.png;https://www.skiinfo.fr/jura/ste-croix-les-rasses/station-de-ski;1000;1600;44;22;11;9;9;20;CHF;35;30;30;23;oui;https://www.ski-vaud.ch/web/;https://www.ski-vaud.ch/web/ski/webcams;;https://www.ski-vaud.ch/web/modules/mod_skimap/images/plan_ski_web_24.png;
Les Verrières;https://www.televerrieres.ch/style/top.png;https://www.bergfex.fr/les-verrieres/;910;1000;75;25;0;1;4;;CHF;10;;;7;;https://www.televerrieres.ch/;;;https://www.televerrieres.ch/images/LesVerrieres.jpg;
Leukerbad;https://leukerbad.ch/assets/images/logos/primary/logo-with-claim-fr-CH.svg;https://www.skiinfo.fr/valais/leukerbad/station-de-ski;1411;2610;13;56;31;13;16;55;CHF;65;;39;;oui;https://leukerbad.ch/;https://leukerbad.ch/fr/torrent?gad_campaignid=11908753410#horaires-contact;https://leukerbad.ch/fr/carte-d-hiver-interactive;https://cdn.bfldr.com/WIENNW6Q/as/3kvmb4kh3v38b5xn7krk9xs/Leukerbad?auto=webp&width=2048;
Leysin-Les Mosses-La Lécherette;;;;;;;;;;;CHF;;;;;oui;;;;;
Linden;;;;;;;;;;;CHF;;;;;oui;;;;;
L'Orient;https://static.myvalleedejoux.ch/Logo-OTVallee24.png?1773069626;;1013;1285;20;40;40;1;5;;CHF;30;;;19;oui;https://www.myvalleedejoux.ch/fr/Z14759/info-neige-etat-des-pistes;;;orient.jpg;https://static.mycity.travel/manage/uploads/6/26/452439/1/plan-des-pistes-de-ski-alpin.pdf
Lötschental - Lauchernalp;https://bruhnpartner.com/wp-content/uploads/2024/10/logo-loetschental.png;https://www.skiinfo.fr/valais/loetschental/station-de-ski;1403;3091;33;42;25;7;12;40;CHF;69;;59;35;oui;https://www.loetschental.ch/de/aktivitaeten/ski-und-snowboard;https://www.loetschental.ch/de/allgemein/webcams;;https://www.loetschental.ch/addons/phpThump/phpThumb.php?src=../../data/Ressources/1765266878-Loetschental-Winter-30-Prospekt-Web.jpg&f=jpeg&w=1500&q=80;https://www.loetschental.ch/?action=get_file&id=69&resource_link_id=45d
Marbacheg;;;;;;;;;;;CHF;;;;;oui;;;;;
Mayens de Conthey;https://www.teleconthey.ch/custom-storage/logo.svg;;1281;1439;100;0;0;1;1;1;CHF;20;;;10;oui;https://www.teleconthey.ch/;;;;
Meiringen - Hasliberg;;;;;;;;;;;CHF;;;;;oui;;;;;
Melchsee - Frutt;;;;;;;;;;;CHF;;;;;oui;;;;;
Mol�son - Gruy�res;;;;;;;;;;;CHF;;;;;oui;;;;;
Moosalp;;;;;;;;;;;CHF;;;;;oui;;;;;
Morgins;;;;;;;;;;;CHF;;;;;;;;;;
Mürren - Schilthorn;;;;;;;;;;;CHF;;;;;;;;;;
Münster-Geschinen;https://www.skilift-muenster-geschinen.ch/templates/skilift-muenster/img/logo.png;;1363;1645;100;0;0;2;3;3;CHF;27;;;20;;https://www.skilift-muenster-geschinen.ch/;https://www.goms.ch/en/webcam/webcam-muenster;;munster.jpg;
Mythenregion;;;;;;;;;;;CHF;;;;;;;;;;
Nara;;;;;;;;;;;CHF;;;;;;;;;;
Nax - Mont-Noble;;;;;;;;;;;CHF;;;;;oui;;;;;
Nendaz;;;;;;;;;;;CHF;;;;;;;;;;
Niederhorn Beatenberg;;;;;;;;;;;CHF;;;;;oui;;;;;
Oberegg;oberegg.jpg;https://www.skiinfo.fr/suisse-orientale/heiden-appenzellerland/station-de-ski;855;1110;50;50;0;1;4;3.5;CHF;28;;19;;;https://skilift-oberegg.ch/;https://www.oberegg.ch/xml_1/internet/de/application/d2/f201.cfm;;oberegg.jpg;
Obergoms;;https://www.bergfex.fr/obergoms/;1250;1568;;;;;;;CHF;;;;;;https://www.goms.ch/fr/famille/ski;;https://cdn.bfldr.com/WIENNW6Q/as/5qwv8mjfnpqt6hf5jgfvpgbh/Obergoms?auto=webp&width=2048;;
Obersaxen - Val Lumnezia;;;;;;;;;;;CHF;;;;;;;;;;
Oberwald;;https://www.skiresort.fr/sejour-ski-a/oberwald-30466/domaines-skiable/;1373;1404;100;0;0;1;1;0.2;CHF;7;;;;;https://www.goms.ch/fr/poi/piste-de-ski-doberwald;https://www.goms.ch/fr/webcam/webcam-oberwald;;oberwald.jpg;
Oltingen;https://www.skiriege-oltingen.ch/wp-content/uploads/2024/01/pic10-2.jpg;https://www.skiresort.info/ski-holiday-in/oltingen-30286/ski-resorts/;730;857;50;50;0;1;2;1;CHF;12;;;10;;https://www.skiriege-oltingen.ch/;https://www.skiriege-oltingen.ch/index.php/webcam/;;;
Ottenleue;;;;;;;;;;;CHF;;;;;oui;;;;;
Ovronnaz;https://www.ovronnaz.ch/wp-content/uploads/2023/07/logo_big.png;https://www.skiinfo.fr/valais/ovronnaz/station-de-ski;1390;2463;19;50;31;8;16;30;CHF;61;55;52;37;oui;https://www.ovronnaz.ch/;https://www.ovronnaz.ch/webcams/;https://www.ovronnaz.ch/plan-des-pistes/;https://www.ovronnaz.ch/wp-content/uploads/2023/12/hiver-22-23-light.jpg;
Pays du St-Bernard;;;;;;;;;;;CHF;;;;;;;;;;
Pizol - Heidiland;;;;;;;;;;;CHF;;;;;;;;;;
Portes du Soleil;;;;;;;;;;;CHF;;;;;;;;;;
R!uschegg;;;;;;;;;;;CHF;;;;;oui;;;;;
Rathvel;;;;;;;;;;;CHF;;;;;oui;;;;;
Riffenmatt;;;;;;;;;;;CHF;;;;;oui;;;;;
Rigi;;;;;;;;;;;CHF;;;;;;;;;;
Rochers de Naye - Caux;;;;;;;;;;;CHF;;;;;oui;;;;;
Rossberg;;;;;;;;;;;CHF;;;;;oui;;;;;
Rosswald - Brig;;;;;;;;;;;CHF;;;;;oui;;;;;
Saanenmöser;;;;;;;;;;;CHF;;;;;oui;;;;;
Saas Almagell;;;;;;;;;;;CHF;;;;;oui;;;;;
Saas Balen;;;;;;;;;;;CHF;;;;;;;;;;
Saas Fee;;;;;;;;;;;CHF;;;;;oui;;;;;
Saas-Grund;;;;;;;;;;;CHF;;;;;;;;;;
Saint-George;https://www.stgeorge.ch/gimg/79-83-off/Editor/ecusson/ecusson.gif;;977;1140;50;50;0;2;2;;CHF;22;;;17;;https://www.stgeorge.ch/f/activites-tourisme-loisirs/ski-alpin.asp;https://www.stgeorge.ch/f/activites-tourisme-loisirs/ski-nordique/webcam.asp;;https://www.stgeorge.ch/gimg/650-378-off/editor_teleski/plan-des-pistes/plan-des-pistes.png;
Samedan;;;;;;;;;;;CHF;;;;;;;;;;
Samnaun;;;;;;;;;;;CHF;;;;;;;;;;
Sarn - Heinzenberg;;;;;;;;;;;CHF;;;;;;;;;;
Sattel - Hochstuckli;;;;;;;;;;;CHF;;;;;;;;;;
Savognin;;;;;;;;;;;CHF;;;;;;;;;;
Schönengrund;https://www.schneerde.ch/_assets/9d9b5d6e4b7ae5628719b159f248fe77/Images/logo_schneerde.png;;;;;;;1;1;0.4;CHF;25;;18;;;https://www.schneerde.ch/;;;;
Schwanden - Sigriswil - Justistal;;;;;;;;;;;CHF;;;;;;;;;;
Schwarzsee;;;;;;;;;;;CHF;;;;;oui;;;;;
Schwellbrunn;https://www.skilift-schwellbrunn.ch/.cm4all/mediadb/Skilift/Logo%20Skilift%20ohne%20Hintergrund%202.png;https://www.skiinfo.fr/suisse-orientale/schwellbrunn/station-de-ski;850;1048;100;0;0;1;3;1;CHF;28;;20;;;https://www.skilift-schwellbrunn.ch/;https://www.skilift-schwellbrunn.ch/Webcam-Bilder/;;https://cdn.bfldr.com/WIENNW6Q/as/wq9zj7hwk8v37bsntj3cf7sb/Schwellbrunn?auto=webp&width=2048;
Schwengimatt;;https://www.skiresort.ch/skigebiet/schwengimatt/;993;1100;50;25;25;1;4;1.7;CHF;17;;;12;;https://www.berggasthof-schwengimatt.ch/Skilift.htm;;;https://www.berggasthof-schwengimatt.ch/view/berggasthof-schwengimatt.ch/images/module/Skilift-Boxen-unten/kasten_pic_3.jpg?transform=resize&imageTimestamp=1631176076&is_published=false&sec_srv=578b4e80;
Schwyz - Ibergeregg (Mythen);;;;;;;;;;;CHF;;;;;;;;;;
Scuol;;;;;;;;;;;CHF;;;;;;;;;;
Sedrun;https://www.andermatt-sedrun-disentis.ch/themes/andermatt/assets/footer.svg;https://www.skiinfo.fr/les-grisons/andermatt-sedrun/station-de-ski;1444;2963;26;50;24;22;43;120;CHF;89;81;45;;;https://www.andermatt-sedrun-disentis.ch/fr/pages/discover;https://www.andermatt-sedrun-disentis.ch/fr/stories/webcams;https://winter.intermaps.com/andermatt_sedrun_disentis;https://vcdn.bergfex.at/images/resized/1c/ae8211030bc7b21c_e2f3e6cd9b19a856@2x.jpg;https://files.skimap.org/kfp2b8oa1txipb1pvgf6e124vbr8.pdf
Selital;;;;;;;;;;;CHF;;;;;oui;;;;;
Snowpark Goms;https://www.snowpark-goms.ch/-_-/res/0c0fe66c-29f7-4094-840e-c2668b4969a5/images/files/0c0fe66c-29f7-4094-840e-c2668b4969a5/83288d52-3d35-42cd-a31c-6a9ce8ae394c/160-21/b32001d61f93e90aacfd35d766bcd979c48d285a;;;;;;;;;;CHF;30;;;25;;https://www.snowpark-goms.ch/;;;https://www.snowpark-goms.ch/-_-/res/0c0fe66c-29f7-4094-840e-c2668b4969a5/images/files/0c0fe66c-29f7-4094-840e-c2668b4969a5/6011d8f9-ea7d-4a54-b355-fddb4c2866fd/624-624/606d008966daed4135cd7ee211764230fb310cb8;
Sommartel – Le Locle;https://teleski-sommartel.ch/wp-content/uploads/2017/07/logo.png;https://www.bergfex.fr/sommartel-le-locle/;1120;1304;50;25;25;2;7;3;CHF;20;11;;11;;https://teleski-sommartel.ch/;;;https://teleski-sommartel.ch/wp-content/uploads/2017/12/planpistes.jpg;
Sörenberg;;;;;;;;;;;CHF;;;;;oui;;;;;
Spittelmatte;;;;;;;;;;;CHF;;;;;;;;;;
Splügen;;;;;;;;;;;CHF;;;;;;;;;;
Springeboden;;;;;;;;;;;CHF;;;;;oui;;;;;
St. Antönien;;;;;;;;;;;CHF;;;;;;;;;;
St. Cergue;https://www.st-cergue.ch/dist/saint-cergue/2025/images/logo.c1d159b54db9565d854a.png;https://www.bergfex.fr/saint-cergue/panorama/;1040;1170;75;25;0;3;4;;CHF;24;19;19;19;oui;https://www.st-cergue.ch/activites/33511;;;https://i0.wp.com/teledole.ch/wp-content/uploads/2019/01/plan-pistes-ski-saint-cergue.png?fit=900%2C468&ssl=1;
St. Moritz - Corviglia;;;;;;;;;;;CHF;;;;;;;;;;
St-Luc Chandolin;https://static.valdanniviers.ch/anniviers-dark-fr.svg?1772534428;https://www.skiinfo.fr/valais/st-luc-chandolin/station-de-ski;1680;3000;50;33;17;15;31;60;CHF;66;59;56;40;oui;https://www.valdanniviers.ch/fr/Z32722/domaine-stluc-chandolin;https://www.valdanniviers.ch/fr/Z21601/noswebcams;https://www.valdanniviers.ch/fr/Z15413/plan-st-luc-chandolin;https://cdn.bfldr.com/WIENNW6Q/as/2qnbr9sj53rnwmmxzxqwjm/St-Luc_Chandolin?auto=webp&width=540;
Stoos;;;;;;;;;;;CHF;;;;;;;;;;
Téléski de Nods;https://www.teleskinods.ch/wp-content/uploads/2018/02/cropped-HG1.jpg;https://www.bergfex.fr/nods-chasseral/;950;1025;50;50;0;1;4;2;CHF;16;;;13;;https://www.teleskinods.ch/;;;https://vcdn.bergfex.at/images/resized/9f/f74c8928b7896e9f_0b08d2618746e3c1.jpg;
Téléski Sous le Mont;https://tavannes.ch/wp-content/uploads/2024/02/tavannes-complet.svg;;850;920;;;;1;1;0.3;CHF;;;;;;https://www.facebook.com/souslemont/?locale=fr_FR;;;;
Thyon 4 Vallées;;;;;;;;;;;CHF;;;;;;;;;;
Tramelan;https://vcdn.bergfex.at/images/resized/5b/50ccb0936c2aa85b_dea6960414f90f6d.png;https://www.bergfex.fr/tramelan/;920;1228;33;33;33;2;5;12;CHF;32;27;25;20;oui;https://www.teleski-tramelan.ch/;;;https://www.teleski-tramelan.ch/images/plan-pistes.png;
Tschappina Heinzenberg;;;;;;;;;;;CHF;;;;;;;;;;
Tschiertschen;;;;;;;;;;;CHF;;;;;;;;;;
Unter dem Birg-Engstligenalp;;;;;;;;;;;CHF;;;;;;;;;;
Unterbäch;;;;;;;;;;;CHF;;;;;oui;;;;;
Urnäsch;https://skilift-urnaesch.ch/wp-content/uploads/2017/08/cropped-cropped-cropped-Plakat-1-1-1.jpg;;;;75;25;0;2;4;2;CHF;29;;18;;;https://skilift-urnaesch.ch/;;;https://skilift-urnaesch.ch/wp-content/uploads/2024/09/Pistenplan-2024.jpg;
Val D'anniviers;;;;;;;;;;;CHF;;;;;;;;;;
Val Mustair - Minschuns;;;;;;;;;;;CHF;;;;;;;;;;
Vallée de joux;https://static.myvalleedejoux.ch/Logo-OTVallee24.png?1773069626;;1010;1480;30;50;20;10;22;;CHF;30;;;19;oui;https://www.myvalleedejoux.ch/fr/Z14759/info-neige-etat-des-pistes;;;valleedejoux.jpg;https://static.mycity.travel/manage/uploads/6/26/452439/1/plan-des-pistes-de-ski-alpin.pdf
Verbier;;;;;;;;27;;320;CHF;;;;;;;;;;
Vercorin;;;;;;;;;;;CHF;;;;;oui;;;;;
Verrières - Côte-aux-Fées;;;910;1080;57;43;0;2;7;;CHF;10;;;7;;;;;;
Veysonnaz;;;;;;;;;;;CHF;;;;;;;;;;
Vichères - Liddes;;;;;;;;;;;CHF;;;;;;;;;;
Villars-Gryon-Diablerets;;;;;;;;;;;CHF;;;;;oui;;;;;
Visperterminen;;;;;;;;;;;CHF;;;;;oui;;;;;
Vögelinsegg;https://skilifte-speicher.ch/wp-content/uploads/2018/11/logos_fuer_Navibar.png;;;;100;0;0;1;2;1;CHF;30;;25;20;;https://skilifte-speicher.ch/oeffnungszeiten/;;;;https://static.mycity.travel/manage/uploads/6/26/452439/1/plan-des-pistes-de-ski-alpin.pdf
Waldegg;;;;;;;;;;;CHF;;;;;;;;;;
Wegenstetten;https://www.wegenstetten.ch/dist/wegenstetten/2020/images/logo.7d96ba678987be2659a0.svg;https://www.skiresort.ch/skigebiet/foehrlimatt-wegenstetten/;514;575;100;0;0;1;1;0.4;CHF;18;;15;12;;https://www.stvwegenstetten.ch/skilift;https://www.stvwegenstetten.ch/skilift/live;;;
Wildhaus - Toggenburg;;;;;;;;;;;CHF;;;;;;;;;;
Winteregg;;;;;;;;;;;CHF;;;;;oui;;;;;
Zermatt;;;;;;;;;;;CHF;;;;;;;;;;
Zinal;;;;;;;;;;;CHF;;;;;oui;;;;;
Zuoz;;;;;;;;;;;CHF;;;;;;;;;;
